0,0,0,0,0,0,0,0,0,0,0,0,0,0,0,0,0,0,0,0,0,0,0,0,0,0,0,0,0,222,224,254,284,224,254,284,224,254,284,224,254,284,224,222,0,0,0,0,0,0,0,0,0,0,0,0,0,0,0,0,0,0,0,0,0,0,0,0,0,0,0,0
0,0,0,0,0,0,0,0,0,0,0,0,0,0,0,0,0,0,0,0,0,0,0,0,0,0,0,0,0,1610613020,322,322,311,311,311,322,318,322,311,322,322,318,311,2684354814,0,0,0,0,0,0,0,0,0,0,0,0,0,0,0,0,0,0,0,0,0,0,0,0,0,0,0,0
0,0,0,0,0,0,0,0,0,0,0,0,0,0,0,0,0,0,0,0,0,0,0,0,0,0,0,0,0,1610612990,1610613048,334,305,304,305,335,305,334,334,305,335,334,2684354874,2684354844,0,0,0,0,0,0,0,0,0,0,0,0,0,0,0,0,0,0,0,0,0,0,0,0,0,0,0,0
0,0,0,0,0,0,0,0,0,0,0,0,0,0,0,0,0,0,0,0,0,0,0,0,0,0,0,0,0,1610612960,1610613050,335,334,334,335,334,334,335,304,335,305,334,2684354872,2684354784,0,0,0,0,0,0,0,0,0,0,0,0,0,0,0,0,0,0,0,0,0,0,0,0,0,0,0,0
0,0,0,0,0,0,0,0,0,0,0,0,0,0,0,0,0,0,0,0,0,0,0,0,0,0,0,0,0,1610613020,1610613050,305,335,304,334,334,335,335,335,334,334,305,2684354874,2684354814,0,0,0,0,0,0,0,0,0,0,0,0,0,0,0,0,0,0,0,0,0,0,0,0,0,0,0,0
0,0,0,0,0,0,0,0,0,0,0,0,0,0,0,0,0,0,0,0,0,0,0,0,0,0,0,0,0,1610612990,1610613048,304,304,334,304,335,334,304,334,305,335,334,2684354874,2684354844,0,0,0,0,0,0,0,0,0,0,0,0,0,0,0,0,0,0,0,0,0,0,0,0,0,0,0,0
0,0,0,0,0,0,0,0,0,0,0,0,0,0,0,0,0,0,0,0,0,0,0,0,0,0,0,0,0,1610612960,1610613048,334,305,335,334,304,305,334,334,304,305,334,2684354872,2684354784,0,0,0,0,0,0,0,0,0,0,0,0,0,0,0,0,0,0,0,0,0,0,0,0,0,0,0,0
0,0,0,0,0,0,0,0,0,0,0,0,0,0,0,0,0,0,0,0,0,0,0,0,0,0,0,0,0,1610613020,1610613050,3221225784,3221225786,3221225784,3221225783,3221225784,3221225784,3221225786,3221225783,3221225784,3221225784,3221225786,3221225786,2684354814,0,0,0,0,0,0,0,0,0,0,0,0,0,0,0,0,0,0,0,0,0,0,0,0,0,0,0,0
0,0,0,0,0,0,0,0,0,0,0,0,0,0,0,0,0,0,0,0,0,0,0,0,0,0,0,0,0,222,3221225726,3221225696,3221225756,3221225726,3221225696,3221225756,289,3221225726,3221225696,3221225756,3221225726,3221225696,3221225756,222,0,0,0,0,0,0,0,0,0,0,0,0,0,0,0,0,0,0,0,0,0,0,0,0,0,0,0,0
0,0,0,0,0,0,0,0,0,0,0,0,0,0,0,0,0,0,0,0,0,0,0,0,0,0,0,0,0,0,0,0,0,0,195,311,312,311,195,0,0,0,0,0,0,0,0,0,0,0,0,0,0,0,0,0,0,0,0,0,0,0,0,0,0,0,0,0,0,0,0,0
0,0,0,0,0,0,0,0,0,0,0,0,0,0,0,0,0,0,0,0,0,0,0,0,0,0,0,0,0,0,0,0,0,0,251,193,305,191,253,0,0,0,0,0,0,0,0,0,0,0,0,0,0,0,0,0,0,0,0,0,0,0,0,0,0,0,0,0,0,0,0,0
0,0,0,0,0,0,0,0,0,0,0,0,0,0,0,0,0,0,0,0,0,0,0,0,0,0,0,0,0,0,0,0,0,0,0,221,334,223,0,0,0,0,0,0,0,0,0,0,0,0,0,0,0,0,0,0,0,0,0,0,0,0,0,0,0,0,0,0,0,0,0,0
0,0,0,0,0,0,0,0,0,0,0,0,0,0,0,0,0,0,0,0,0,0,0,0,0,0,0,0,0,0,0,0,0,0,0,221,335,223,0,0,0,0,0,0,0,0,0,0,0,0,0,0,0,0,0,0,0,0,0,0,0,0,0,0,0,0,0,0,0,0,0,0
0,0,0,0,0,0,0,0,0,0,0,0,0,0,0,0,0,0,0,0,0,0,0,0,0,0,0,0,0,0,0,0,0,0,0,221,334,223,0,0,0,0,0,0,0,0,0,0,0,0,0,0,0,0,0,0,0,0,0,0,0,0,0,0,0,0,0,0,0,0,0,0
0,0,0,0,0,0,0,0,0,0,0,0,0,0,0,0,0,0,0,0,0,0,0,0,0,0,0,0,0,0,0,0,0,0,0,221,305,223,0,0,0,0,0,0,0,0,0,0,0,0,0,0,0,0,0,0,0,0,0,0,0,0,0,0,0,0,0,0,0,0,0,0
0,0,0,0,0,0,0,0,0,0,0,0,0,0,0,0,0,0,0,0,0,0,0,0,0,0,0,0,0,0,0,0,0,0,0,260,3221225784,262,0,0,0,0,0,0,0,0,0,0,0,0,0,0,0,0,0,0,0,0,0,0,0,0,0,0,0,0,0,0,0,0,0,0
0,191,464,463,464,463,464,463,464,463,464,463,464,463,464,192,463,464,463,464,463,464,463,464,463,464,463,464,463,192,463,464,463,464,463,464,289,464,463,464,463,464,463,192,464,463,464,463,464,463,464,463,464,463,464,463,464,192,464,464,464,464,464,464,464,464,464,464,464,464,464,202
0,1610613200,322,322,321,322,321,322,318,322,321,322,322,318,311,1610613199,0,0,0,0,0,191,336,193,0,0,0,0,0,2684355023,0,0,0,0,0,191,314,193,0,0,0,0,0,1610613199,0,0,0,0,0,191,336,193,0,0,0,0,0,2684355024,322,322,314,322,314,322,318,322,314,322,322,318,311,2684355024
0,1610613199,1610613048,334,305,304,305,335,305,334,334,305,335,334,2684354874,1610613199,0,0,0,0,0,221,305,223,0,0,0,0,0,2684355024,0,0,0,0,0,221,305,223,0,0,0,0,0,1610613200,0,0,0,0,0,221,305,223,0,0,0,0,0,2684355024,1610613048,334,305,304,305,335,305,334,334,305,335,334,2684354874,2684355024
0,1610613200,1610613050,335,334,334,335,334,334,335,304,335,305,334,2684354872,1610613199,191,192,192,192,192,222,334,222,192,192,192,192,193,2684355023,191,192,192,192,192,222,334,222,192,192,192,192,193,1610613199,191,192,192,192,192,222,334,222,192,192,192,192,193,2684355024,1610613050,335,334,334,335,334,334,335,304,335,305,334,2684354872,2684355024
0,1610613199,1610613050,306,335,304,334,334,335,335,335,336,334,305,2684354874,1610613024,1610613050,305,335,304,334,334,335,335,335,334,334,305,2684354874,2684354848,1610613050,305,335,304,334,334,335,335,335,334,334,305,2684354874,1610613024,1610613050,305,335,304,334,334,335,335,335,334,334,305,2684354874,2684354848,1610613050,305,335,336,334,334,335,335,335,334,334,306,2684354874,2684355024
0,1610613200,1610613048,304,304,334,304,335,334,304,334,305,335,334,2684354874,1610613199,251,252,252,252,252,222,334,222,252,252,252,252,253,2684355023,251,252,252,252,252,252,252,252,252,252,252,252,253,1610613199,251,252,252,252,252,222,334,222,252,252,252,252,253,2684355024,1610613048,304,304,334,304,335,334,304,334,305,335,334,2684354874,2684355024
0,1610613199,1610613048,334,305,335,334,304,305,334,334,304,305,334,2684354872,1610613199,0,0,0,0,0,221,305,223,0,0,0,0,0,2684355024,0,0,0,0,0,0,0,0,0,0,0,0,0,1610613200,0,0,0,0,0,221,305,223,0,0,0,0,0,2684355024,1610613048,334,305,335,334,304,305,334,334,304,305,334,2684354872,2684355024
0,1610613200,1610613050,3221225784,3221225786,3221225784,3221225793,3221225784,3221225784,3221225786,3221225793,3221225784,3221225784,3221225786,3221225786,1610613199,0,0,0,0,0,260,3221225784,262,0,0,0,0,0,2684355023,0,0,0,0,0,0,0,0,0,0,0,0,0,1610613199,0,0,0,0,0,260,3221225784,262,0,0,0,0,0,2684355024,1610613050,3221225784,3221225786,3221225784,3221225786,3221225784,3221225784,3221225786,3221225786,3221225784,3221225784,3221225786,3221225786,2684355024
0,251,3221225936,3221225935,3221225936,3221225935,3221225936,3221225935,3221225936,3221225935,3221225936,3221225935,3221225936,3221225935,3221225936,222,284,284,284,284,284,284,288,284,284,284,284,284,284,222,3221225936,3221225936,3221225936,3221225936,3221225936,3221225936,3221225936,3221225936,3221225936,3221225936,3221225936,3221225936,3221225936,222,284,284,284,284,284,284,288,284,284,284,284,284,284,222,3221225936,3221225936,3221225936,3221225936,3221225936,3221225936,3221225936,3221225936,3221225936,3221225936,3221225936,3221225936,3221225936,253
0,0,0,0,0,0,0,0,0,0,0,0,0,0,0,1610613020,336,322,311,322,311,322,318,322,311,336,322,318,311,2684354844,0,0,0,0,0,0,0,0,0,0,0,0,0,1610613020,322,322,321,322,321,322,318,322,321,322,322,318,311,2684354844,0,0,0,0,0,0,0,0,0,0,0,0,0,0
0,0,0,0,0,0,0,0,0,0,0,0,0,0,0,1610613020,1610613048,334,305,306,305,335,197,334,334,305,335,334,2684354874,2684354844,0,0,0,0,0,0,0,0,0,0,0,0,0,1610613020,1610613048,306,305,304,305,335,305,334,334,308,335,306,2684354874,2684354844,0,0,0,0,0,0,0,0,0,0,0,0,0,0
0,0,0,0,0,0,0,0,0,0,0,0,0,0,0,1610613020,1610613050,335,334,334,335,334,334,335,304,335,305,334,2684354872,2684354844,0,0,0,0,0,0,0,0,0,0,0,0,0,1610613020,1610613050,335,308,197,335,334,197,335,304,197,305,334,2684354872,2684354844,0,0,0,0,0,0,0,0,0,0,0,0,0,0
0,0,0,0,0,0,0,0,0,0,0,0,0,0,0,1610613020,1610613050,336,335,304,334,334,197,335,335,334,334,336,2684354874,2684354844,0,0,0,0,0,0,0,0,0,0,0,0,0,1610613020,1610613050,305,335,304,334,334,335,335,306,334,334,308,2684354874,2684354844,0,0,0,0,0,0,0,0,0,0,0,0,0,0
0,0,0,0,0,0,0,0,0,0,0,0,0,0,0,1610613020,1610613048,304,304,336,304,335,334,304,335,306,335,334,2684354874,2684354844,0,0,0,0,0,0,0,0,0,0,0,0,0,1610613020,1610613048,304,306,197,304,335,197,304,334,197,335,334,2684354874,2684354844,0,0,0,0,0,0,0,0,0,0,0,0,0,0
0,0,0,0,0,0,0,0,0,0,0,0,0,0,0,1610613020,1610613048,334,305,335,305,304,197,334,334,304,305,334,2684354872,2684354844,0,0,0,0,0,0,0,0,0,0,0,0,0,1610613020,1610613048,308,305,335,334,304,305,334,334,308,305,334,2684354872,2684354844,0,0,0,0,0,0,0,0,0,0,0,0,0,0
0,0,0,0,0,0,0,0,0,0,0,0,0,0,0,1610613020,1610613050,336,3221225786,3221225784,3221225783,3221225784,3221225784,3221225786,3221225783,3221225784,3221225784,336,3221225786,2684354844,0,0,0,0,0,0,0,0,0,0,0,0,0,1610613020,1610613050,3221225784,3221225786,3221225784,3221225793,3221225784,3221225784,3221225786,3221225793,3221225784,3221225784,3221225786,3221225786,2684354844,0,0,0,0,0,0,0,0,0,0,0,0,0,0
0,0,0,0,0,0,0,0,0,0,0,0,0,0,0,221,292,284,281,284,285,284,288,284,285,284,292,284,292,222,292,224,281,224,281,224,281,224,281,224,292,224,292,222,292,284,286,284,283,284,288,284,283,284,286,284,292,223,0,0,0,0,0,0,0,0,0,0,0,0,0,0
0,0,0,0,0,0,0,0,0,0,0,0,0,0,0,1610613028,191,258,258,258,258,259,318,257,258,258,258,258,193,2684354841,322,322,311,322,311,322,318,307,311,322,322,318,311,1610613028,336,322,316,322,313,322,318,321,321,321,316,318,311,2684354852,0,0,0,0,0,0,0,0,0,0,0,0,0,0
0,0,0,0,0,0,0,0,0,0,0,0,0,0,0,1610613028,225,334,305,304,305,335,305,334,334,305,335,334,225,2684354784,1610613048,334,305,304,305,335,305,334,334,305,335,334,2684354874,1610612960,1610613048,335,305,200,201,201,201,201,258,202,334,334,2684354874,2684354852,0,0,0,0,0,0,0,0,0,0,0,0,0,0
0,0,0,0,0,0,0,0,0,0,0,0,0,0,0,1610613028,225,335,191,192,192,192,192,192,192,192,193,334,255,2684354841,1610613050,335,334,334,335,334,334,335,304,335,305,334,2684354872,1610613028,1610613050,335,334,230,335,334,334,334,304,232,334,334,336,2684354852,0,0,0,0,0,0,0,0,0,0,0,0,0,0
0,0,0,0,0,0,0,0,0,0,0,0,0,0,0,1610613017,225,305,221,307,307,307,305,307,307,307,223,305,2684354874,2684354848,1610613050,305,306,304,334,334,335,335,335,334,306,305,2684354874,1610613024,1610613050,305,200,262,334,334,230,335,335,232,334,336,2684354874,2684354852,0,0,0,0,0,0,0,0,0,0,0,0,0,0
0,0,0,0,0,0,0,0,0,0,0,0,0,0,0,1610613028,225,304,251,252,252,252,252,222,222,222,222,192,193,2684354841,1610613048,304,304,334,304,335,334,304,334,305,335,334,2684354874,1610613028,1610613048,304,225,334,304,200,262,304,200,262,336,334,2684354874,2684354852,0,0,0,0,0,0,0,0,0,0,0,0,0,0
0,0,0,0,0,0,0,0,0,0,0,0,0,0,0,1610613028,225,305,335,335,305,335,305,221,307,222,222,307,223,2684354784,1610613048,334,305,335,334,304,305,334,334,304,305,334,2684354872,1610612960,1610613048,334,255,335,334,225,305,334,225,304,305,334,2684354872,2684354852,0,0,0,0,0,0,0,0,0,0,0,0,0,0
0,0,0,0,0,0,0,0,0,0,0,0,0,0,0,1610613028,251,258,258,258,258,259,3221225784,251,252,252,252,252,253,2684354841,1610613050,3221225784,3221225786,3221225784,3221225783,307,3221225784,3221225786,3221225783,3221225784,3221225784,3221225786,3221225786,1610613028,1610613050,3221225784,3221225791,3221225784,3221225785,262,3221225784,257,262,3221225784,3221225784,3221225786,3221225786,2684354852,0,0,0,0,0,0,0,0,0,0,0,0,0,0
0,191,292,224,281,224,281,224,281,224,281,224,292,224,292,222,292,292,282,291,283,282,288,282,283,291,282,292,292,222,3221225764,3221225696,3221225764,3221225696,3221225753,3221225696,3221225753,3221225696,3221225753,3221225696,3221225764,3221225696,3221225764,222,293,292,291,292,293,281,288,281,293,281,291,292,293,223,0,0,0,0,0,0,0,0,0,0,0,0,0,0
0,1610613028,322,322,312,322,312,322,318,322,312,322,322,318,311,1610613028,322,322,321,322,313,322,318,322,313,322,322,318,306,2684354852,0,0,0,0,0,0,0,0,0,0,0,0,0,1610613028,322,322,311,322,311,322,318,322,311,322,322,318,311,2684354852,0,0,0,0,0,0,0,0,0,0,0,0,0,0
0,1610612960,1610613048,334,305,304,305,335,305,334,334,305,335,334,2684354874,1610613018,1610613048,308,305,304,305,335,305,334,334,305,335,334,2684354874,2684354852,0,0,0,0,0,0,0,0,0,0,0,0,0,1610613028,1610613048,334,200,202,305,335,305,334,308,305,335,334,2684354874,2684354852,0,0,0,0,0,0,0,0,0,0,0,0,0,0
0,1610613028,1610613050,335,334,334,335,334,334,335,304,335,305,334,2684354872,1610613028,1610613050,335,334,334,335,200,201,202,335,335,305,334,2684354872,2684354852,0,0,0,0,0,0,0,0,0,0,0,0,0,1610613028,1610613050,335,260,262,335,334,334,335,200,202,305,334,2684354872,2684354852,0,0,0,0,0,0,0,0,0,0,0,0,0,0
0,1610612960,1610613050,305,335,304,334,334,335,335,335,334,334,305,2684354874,1610613024,1610613050,305,335,304,334,230,307,232,335,334,334,305,2684354874,2684354852,0,0,0,0,0,0,0,0,0,0,0,0,0,1610613017,1610613050,308,335,304,334,334,335,335,260,262,334,305,2684354874,2684354852,0,0,0,0,0,0,0,0,0,0,0,0,0,0
0,1610613028,1610613048,304,304,334,304,335,334,304,334,305,335,334,2684354874,1610613028,1610613048,304,304,334,304,260,261,262,335,305,335,334,2684354874,2684354852,0,0,0,0,0,0,0,0,0,0,0,0,0,1610613028,1610613048,304,304,200,202,305,334,304,334,305,335,334,2684354874,2684354852,0,0,0,0,0,0,0,0,0,0,0,0,0,0
0,1610612960,1610613048,334,305,335,334,304,305,334,334,304,305,334,2684354872,1610613018,1610613048,334,305,335,334,304,305,334,334,304,305,308,2684354872,2684354852,0,0,0,0,0,0,0,0,0,0,0,0,0,1610613028,1610613048,334,305,260,262,304,305,334,334,304,305,308,2684354872,2684354852,0,0,0,0,0,0,0,0,0,0,0,0,0,0
0,1610613028,1610613050,3221225784,3221225786,3221225784,3221225784,3221225784,3221225784,3221225786,3221225784,3221225784,3221225784,3221225786,3221225786,1610613028,306,3221225784,3221225786,3221225784,3221225785,3221225784,3221225784,3221225786,3221225785,3221225784,3221225784,3221225786,3221225786,2684354852,0,0,0,0,0,0,0,0,0,0,0,0,0,1610613028,1610613050,3221225784,3221225786,3221225784,3221225787,3221225784,3221225784,3221225786,3221225787,3221225784,3221225784,3221225786,3221225786,2684354852,0,0,0,0,0,0,0,0,0,0,0,0,0,0
0,251,3221225764,3221225696,3221225764,3221225696,3221225753,3221225696,3221225753,3221225696,3221225753,3221225696,3221225764,3221225696,3221225764,222,292,292,286,291,283,281,288,281,283,291,286,281,292,222,292,292,281,292,281,281,281,281,281,281,292,292,292,222,292,292,292,292,292,254,288,254,292,292,292,292,292,223,0,0,0,0,0,0,0,0,0,0,0,0,0,0
0,0,0,0,0,0,0,0,0,0,0,0,0,0,0,1610613028,336,322,316,322,313,322,336,322,313,322,316,315,311,1610613017,322,322,311,322,311,320,336,322,311,322,322,318,311,1610613028,336,322,314,322,314,322,318,322,314,322,322,318,336,2684354852,0,0,0,0,0,0,0,0,0,0,0,0,0,0
0,0,0,0,0,0,0,0,0,0,0,0,0,0,0,1610613028,1610613048,334,305,336,305,335,305,334,334,305,335,334,2684354874,1610613017,1610613048,334,305,304,305,200,201,202,334,305,335,334,2684354874,1610613028,1610613048,334,305,304,305,335,305,334,334,305,335,334,2684354874,2684354852,0,0,0,0,0,0,0,0,0,0,0,0,0,0
0,0,0,0,0,0,0,0,0,0,0,0,0,0,0,1610613028,1610613050,335,200,201,202,334,334,335,200,201,202,334,2684354872,1610613017,1610613050,335,334,334,335,230,334,232,304,335,305,334,2684354872,1610612990,1610613050,335,334,334,335,334,334,335,304,335,305,334,2684354872,2684354852,0,0,0,0,0,0,0,0,0,0,0,0,0,0
0,0,0,0,0,0,0,0,0,0,0,0,0,0,0,1610613017,1610613050,305,230,304,232,334,335,335,230,304,232,305,2684354874,1610613024,1610613050,305,306,304,334,230,335,232,335,334,334,305,2684354874,1610613024,1610613050,305,335,304,334,334,335,335,335,334,334,305,2684354874,2684354852,0,0,0,0,0,0,0,0,0,0,0,0,0,0
0,0,0,0,0,0,0,0,0,0,0,0,0,0,0,1610613028,1610613048,304,260,261,262,335,334,304,260,261,262,334,2684354874,1610613017,1610613048,304,304,334,304,230,334,232,334,305,335,334,2684354874,1610612990,1610613048,304,304,334,304,335,334,304,334,305,335,334,2684354874,2684354852,0,0,0,0,0,0,0,0,0,0,0,0,0,0
0,0,0,0,0,0,0,0,0,0,0,0,0,0,0,1610613028,1610613048,336,305,335,334,304,305,334,334,304,305,334,2684354872,1610613017,1610613048,334,305,335,334,260,261,262,334,304,305,334,2684354872,1610613028,1610613048,334,305,335,334,304,305,334,334,304,305,334,2684354872,2684354852,0,0,0,0,0,0,0,0,0,0,0,0,0,0
0,0,0,0,0,0,0,0,0,0,0,0,0,0,0,1610613028,1610613050,3221225784,3221225786,3221225784,3221225785,3221225784,3221225784,3221225786,3221225785,3221225784,3221225784,3221225786,3221225786,1610613017,1610613050,3221225784,3221225786,3221225784,3221225783,3221225784,336,3221225786,3221225783,3221225784,3221225784,3221225786,3221225786,1610613028,336,3221225784,3221225786,3221225784,3221225793,3221225784,3221225784,3221225786,3221225793,3221225784,3221225784,3221225786,336,2684354852,0,0,0,0,0,0,0,0,0,0,0,0,0,0
0,0,0,0,0,0,0,0,0,0,0,0,0,0,0,251,3221225764,3221225764,3221225764,3221225753,3221225753,3221225753,3221225753,3221225753,3221225753,3221225764,3221225764,3221225764,3221225764,252,3221225764,3221225764,3221225764,3221225753,3221225753,3221225753,3221225764,3221225753,3221225753,3221225764,3221225764,3221225764,3221225764,222,292,292,293,292,291,292,288,292,291,292,293,292,292,222,292,224,281,224,281,224,281,224,281,224,292,224,292,193
0,0,0,0,0,0,0,0,0,0,0,0,0,0,0,0,0,0,0,0,0,0,0,0,0,0,0,0,0,0,0,0,0,0,0,0,0,0,0,0,0,0,0,1610613028,322,322,315,322,321,322,318,322,321,322,322,318,311,2684354841,322,322,311,322,311,322,318,322,311,322,322,318,311,2684354852
0,0,0,0,0,0,0,0,0,0,0,0,0,0,0,0,0,0,0,0,0,0,0,0,0,0,0,0,0,0,0,0,0,0,0,0,0,0,0,0,0,0,0,1610613028,1610613048,334,305,304,305,335,305,334,334,305,335,334,2684354874,2684354841,1610613048,334,305,304,305,335,305,334,334,305,306,334,2684354874,2684354784
0,0,0,0,0,0,0,0,0,0,0,0,0,0,0,0,0,0,0,0,0,0,0,0,0,0,0,0,0,0,0,0,0,0,0,378,0,0,0,0,0,0,0,1610613028,1610613050,335,334,334,335,200,201,202,304,335,305,334,2684354872,2684354841,1610613050,335,334,334,335,334,334,335,304,335,305,334,2684354876,2684354846
0,0,0,0,0,0,0,0,0,0,0,0,0,0,0,0,0,0,0,0,0,0,0,0,0,0,0,0,0,0,0,0,0,0,0,0,0,0,0,0,0,0,0,1610613017,1610613050,305,335,336,334,230,306,232,335,336,334,305,2684354874,2684354848,1610613050,305,335,304,334,334,335,335,335,334,306,305,2684354874,2684354784
0,0,0,0,0,0,0,0,0,0,0,0,0,0,0,0,0,0,0,0,0,0,0,0,0,0,0,0,0,0,0,0,0,0,0,0,0,0,0,0,0,0,0,1610613028,1610613048,304,304,334,304,260,261,262,334,305,335,334,2684354874,2684354841,1610613048,304,304,334,304,335,334,304,334,305,335,334,2684354876,2684354846
0,0,0,0,0,0,0,0,0,0,0,0,0,0,0,0,0,0,0,0,0,0,0,0,0,0,0,0,0,0,0,0,0,0,0,0,0,0,0,0,0,0,0,1610613028,1610613048,334,305,335,334,304,305,334,334,304,305,334,2684354872,2684354841,1610613048,334,305,335,334,304,305,334,334,304,306,334,2684354872,2684354784
0,0,0,0,0,0,0,0,0,0,0,0,0,0,0,0,0,0,0,0,0,0,0,0,0,0,0,0,0,0,0,0,0,0,0,0,0,0,0,0,0,0,0,1610613028,1610613050,3221225784,3221225786,3221225784,3221225785,3221225784,3221225784,3221225786,3221225785,3221225784,3221225784,3221225786,3221225786,2684354841,1610613050,3221225784,3221225786,3221225784,3221225785,3221225784,3221225784,3221225786,3221225785,3221225784,3221225784,3221225786,3221225786,2684354852
0,0,0,0,0,0,0,0,0,0,0,0,0,0,0,0,0,0,0,0,0,0,0,0,0,0,0,0,0,191,292,292,281,292,281,281,281,281,281,281,292,292,292,222,292,292,292,292,282,292,288,292,282,292,292,292,292,222,3221225764,3221225696,3221225764,3221225696,3221225753,3221225696,3221225753,3221225696,3221225753,3221225696,3221225764,3221225696,3221225764,253
0,0,0,0,0,0,0,0,0,0,0,0,0,0,0,0,0,0,0,0,0,0,0,0,0,0,0,0,0,1610613028,191,258,258,258,192,192,192,193,311,322,322,191,193,2684354852,322,322,314,322,314,322,318,322,314,322,322,318,311,2684354852,0,0,0,0,0,0,0,0,0,0,0,0,0,0
0,0,0,0,0,0,0,0,0,0,0,0,0,0,0,0,0,0,0,0,0,0,0,0,0,0,0,0,0,1610613028,225,334,335,335,251,222,222,223,334,195,335,221,223,2684354852,1610613048,334,305,304,305,335,305,334,334,305,335,334,2684354874,2684354852,0,0,0,0,0,0,0,0,0,0,0,0,0,0
0,0,0,0,0,0,0,0,0,0,0,0,0,0,0,0,0,0,0,0,0,0,0,0,0,0,0,0,0,1610613028,225,335,197,334,335,251,252,253,304,225,305,251,253,2684354852,1610613050,335,334,334,335,334,336,335,304,335,305,334,2684354872,2684354852,0,0,0,0,0,0,0,0,0,0,0,0,0,0
0,0,0,0,0,0,0,0,0,0,0,0,0,0,0,0,0,0,0,0,0,0,0,0,0,0,0,0,0,1610613017,225,305,335,197,334,334,335,335,335,225,334,305,2684354874,2684354848,1610613050,305,335,304,334,334,335,335,335,334,334,305,2684354874,2684354852,0,0,0,0,0,0,0,0,0,0,0,0,0,0
0,0,0,0,0,0,0,0,0,0,0,0,0,0,0,0,0,0,0,0,0,0,0,0,0,0,0,0,0,1610613028,221,193,304,334,257,258,258,192,192,222,192,192,193,2684354852,1610613048,304,304,334,304,335,336,304,334,305,335,334,2684354874,2684354852,0,0,0,0,0,0,0,0,0,0,0,0,0,0
0,0,0,0,0,0,0,0,0,0,0,0,0,0,0,0,0,0,0,0,0,0,0,0,0,0,0,0,0,1610613028,221,222,193,335,334,304,305,221,222,222,222,222,223,2684354852,1610613048,334,305,335,334,304,305,334,334,304,305,334,2684354872,2684354852,0,0,0,0,0,0,0,0,0,0,0,0,0,0
0,0,0,0,0,0,0,0,0,0,0,0,0,0,0,0,0,0,0,0,0,0,0,0,0,0,0,0,0,1610613028,251,252,252,258,258,259,3221225784,251,252,252,252,252,253,2684354852,1610613050,3221225784,3221225786,3221225784,3221225793,3221225784,3221225784,3221225793,3221225793,3221225784,3221225784,3221225786,3221225786,2684354852,0,0,0,0,0,0,0,0,0,0,0,0,0,0
0,0,0,0,0,0,0,0,0,0,0,0,0,0,0,0,0,0,0,0,0,0,0,0,0,0,0,0,0,221,284,284,284,284,284,284,288,284,284,284,284,284,284,222,3221225764,3221225764,3221225764,3221225753,3221225753,3221225753,3221225753,3221225753,3221225753,3221225764,3221225764,3221225764,3221225764,253,0,0,0,0,0,0,0,0,0,0,0,0,0,0
0,0,0,0,0,0,0,0,0,0,0,0,0,0,0,0,0,0,0,0,0,0,0,0,0,0,0,0,0,1610613020,322,322,312,322,312,322,318,322,312,322,322,318,312,2684354844,0,0,0,0,0,0,0,0,0,0,0,0,0,0,0,0,0,0,0,0,0,0,0,0,0,0,0,0
0,0,0,0,0,0,0,0,0,0,0,0,0,0,0,0,0,0,0,0,0,0,0,0,0,0,0,0,0,1610613020,1610613048,334,305,304,305,335,305,334,334,305,335,334,2684354874,2684354844,0,0,0,0,0,0,0,0,0,0,0,0,0,0,0,0,0,0,0,0,0,0,0,0,0,0,0,0
0,0,0,0,0,0,0,0,0,0,0,0,0,0,0,0,0,0,0,0,0,0,0,0,0,0,0,0,0,1610613020,1610613050,335,334,334,335,334,334,335,304,335,305,334,2684354872,2684354844,0,0,0,0,0,0,0,0,0,0,0,0,0,0,0,0,0,0,0,0,0,0,0,0,0,0,0,0
0,0,0,0,0,0,0,0,0,0,0,0,0,0,0,0,0,0,0,0,0,0,0,0,0,0,0,0,0,1610613020,1610613050,305,335,304,334,334,335,335,335,334,334,305,2684354874,2684354844,0,0,0,0,0,0,0,0,0,0,0,0,0,0,0,0,0,0,0,0,0,0,0,0,0,0,0,0
0,0,0,0,0,0,0,0,0,0,0,0,0,0,0,0,0,0,0,0,0,0,0,0,0,0,0,0,0,1610613020,1610613048,304,304,334,304,335,334,304,334,305,335,334,2684354874,2684354844,0,0,0,0,0,0,0,0,0,0,0,0,0,0,0,0,0,0,0,0,0,0,0,0,0,0,0,0
0,0,0,0,0,0,0,0,0,0,0,0,0,0,0,0,0,0,0,0,0,0,0,0,0,0,0,0,0,1610613020,1610613048,334,305,335,334,304,305,334,334,304,305,334,2684354872,2684354844,0,0,0,0,0,0,0,0,0,0,0,0,0,0,0,0,0,0,0,0,0,0,0,0,0,0,0,0
0,0,0,0,0,0,0,0,0,0,0,0,0,0,0,0,0,0,0,0,0,0,0,0,0,0,0,0,0,1610613020,1610613050,3221225784,3221225786,3221225784,3221225783,3221225784,3221225784,3221225786,3221225783,3221225784,3221225784,3221225786,3221225786,2684354844,0,0,0,0,0,0,0,0,0,0,0,0,0,0,0,0,0,0,0,0,0,0,0,0,0,0,0,0
0,0,0,0,0,0,0,0,0,0,0,0,0,0,0,0,0,0,0,0,0,0,0,0,0,0,0,0,0,251,3221225756,3221225756,3221225756,3221225756,3221225756,3221225756,3221225766,3221225756,3221225756,3221225756,3221225756,3221225756,3221225756,253,0,0,0,0,0,0,0,0,0,0,0,0,0,0,0,0,0,0,0,0,0,0,0,0,0,0,0,0
0,0,0,0,0,0,0,0,0,0,0,0,0,0,0,0,0,0,0,0,0,0,0,0,0,0,0,0,0,0,0,0,0,0,0,0,0,0,0,0,0,0,0,0,0,0,0,0,0,0,0,0,0,0,0,0,0,0,0,0,0,0,0,0,0,0,0,0,0,0,0,0
